{
  "num_rows": 150,
  "context_precision": 0.8396851851567981,
  "context_recall": 0.9255555555555555,
  "faithfulness": 0.8129434324065197,
  "answer_relevancy": 0.6416276886703223,
  "hit_at_k": 0.8666666666666667,
  "recall_at_k": 0.8691275167785235,
  "mrr": 0.635888888888889
}