{
  "num_rows": 150,
  "context_precision": 0.8546574073776921,
  "context_recall": 0.9255555555555556,
  "faithfulness": 0.891047619047619,
  "answer_relevancy": 0.7746121907589686,
  "hit_at_k": 0.8733333333333333,
  "recall_at_k": 0.8758389261744967,
  "mrr": 0.6475555555555556
}